{
  "accuracy": 0.7248157248157249,
  "classification_report": {
    "No Pain": {
      "precision": 0.7311320754716981,
      "recall": 0.8611111111111112,
      "f1-score": 0.7908163265306123,
      "support": 180.0
    },
    "Moderate Pain": {
      "precision": 0.7718120805369127,
      "recall": 0.625,
      "f1-score": 0.6906906906906907,
      "support": 184.0
    },
    "Severe Pain": {
      "precision": 0.5434782608695652,
      "recall": 0.5813953488372093,
      "f1-score": 0.5617977528089888,
      "support": 43.0
    },
    "accuracy": 0.7248157248157249,
    "macro avg": {
      "precision": 0.6821408056260587,
      "recall": 0.6891688199827736,
      "f1-score": 0.6811015900100973,
      "support": 407.0
    },
    "weighted avg": {
      "precision": 0.7296972030002185,
      "recall": 0.7248157248157249,
      "f1-score": 0.7213546172810413,
      "support": 407.0
    }
  },
  "confusion_matrix": [
    [
      155,
      22,
      3
    ],
    [
      51,
      115,
      18
    ],
    [
      6,
      12,
      25
    ]
  ],
  "test_samples": 407,
  "class_distribution": {
    "0": 180,
    "1": 184,
    "2": 43
  }
}